{
  "accuracy": [
    0.4373156428337097,
    0.6047197580337524,
    0.6578171253204346,
    0.7094395160675049,
    0.7396755218505859,
    0.7632743120193481,
    0.7861356735229492,
    0.767699122428894,
    0.8104719519615173,
    0.8112094402313232,
    0.8171091675758362,
    0.8318583965301514,
    0.8584070801734924,
    0.8436577916145325,
    0.8436577916145325,
    0.8643068075180054,
    0.8620944023132324,
    0.8731563687324524,
    0.8827433586120605,
    0.8709439635276794,
    0.8901180028915405,
    0.8871681690216064,
    0.8797935247421265,
    0.8738937973976135,
    0.8768436312675476,
    0.9092920422554016,
    0.9070796370506287,
    0.9107669591903687
  ],
  "loss": [
    1.6224626302719116,
    1.1357768774032593,
    0.9931910634040833,
    0.865371823310852,
    0.7784485816955566,
    0.7416714429855347,
    0.6266340613365173,
    0.6719927191734314,
    0.5535494089126587,
    0.5502148270606995,
    0.504084587097168,
    0.4954741299152374,
    0.42996418476104736,
    0.4622173011302948,
    0.4366472661495209,
    0.4034135639667511,
    0.42117661237716675,
    0.40290743112564087,
    0.3610784411430359,
    0.35958394408226013,
    0.32734954357147217,
    0.3525310754776001,
    0.33618178963661194,
    0.33002522587776184,
    0.3287872076034546,
    0.26194193959236145,
    0.2715434432029724,
    0.2526358962059021
  ],
  "val_accuracy": [
    0.5862069129943848,
    0.6034482717514038,
    0.517241358757019,
    0.5448275804519653,
    0.5896551609039307,
    0.5413793325424194,
    0.5034482479095459,
    0.6241379380226135,
    0.5862069129943848,
    0.6206896305084229,
    0.682758629322052,
    0.6862068772315979,
    0.682758629322052,
    0.7206896543502808,
    0.7586206793785095,
    0.7551724314689636,
    0.7655172348022461,
    0.8275862336158752,
    0.800000011920929,
    0.7931034564971924,
    0.7827585935592651,
    0.7896551489830017,
    0.800000011920929,
    0.7758620977401733,
    0.7931034564971924,
    0.8068965673446655,
    0.800000011920929,
    0.8034482598304749
  ],
  "val_loss": [
    1.0554227828979492,
    1.0591319799423218,
    1.2124162912368774,
    1.269623041152954,
    1.6153483390808105,
    2.1883840560913086,
    2.3570556640625,
    1.387072205543518,
    2.064765214920044,
    1.660269856452942,
    1.2688769102096558,
    1.0832056999206543,
    1.110159993171692,
    0.9957080483436584,
    0.7809068560600281,
    0.6993781924247742,
    0.7362176179885864,
    0.5293093323707581,
    0.6042887568473816,
    0.6632999777793884,
    0.760176956653595,
    0.708872377872467,
    0.6168504953384399,
    0.6642991900444031,
    0.5915690660476685,
    0.5555673241615295,
    0.5959910154342651,
    0.5660495758056641
  ],
  "learning_rate": [
    0.0003000000142492354,
    0.0003000000142492354,
    0.0003000000142492354,
    0.0003000000142492354,
    0.0003000000142492354,
    0.0003000000142492354,
    0.0001500000071246177,
    0.0001500000071246177,
    0.0001500000071246177,
    0.0001500000071246177,
    0.0001500000071246177,
    7.500000356230885e-05,
    7.500000356230885e-05,
    7.500000356230885e-05,
    7.500000356230885e-05,
    7.500000356230885e-05,
    7.500000356230885e-05,
    7.500000356230885e-05,
    7.500000356230885e-05,
    7.500000356230885e-05,
    7.500000356230885e-05,
    7.500000356230885e-05,
    7.500000356230885e-05,
    3.7500001781154424e-05,
    3.7500001781154424e-05,
    3.7500001781154424e-05,
    3.7500001781154424e-05,
    3.7500001781154424e-05
  ]
}